Content ID,언어,제목,URL,파일 경로,현재 등급,D1,D2,D3,D4,D5,D6,실제 제품 CTA 여부,제품명,CTA 정확한 문구,CTA 위치,질환 또는 증상명,위험 문구,권장 조치,수정 우선순위,인간 결정 필요 여부,재분류 가능성
alpha-lipoic-acid,en,Alpha-Lipoic Acid and Neural Health: The Evidence | NervLock,https://nervlocklab.com/blog/alpha-lipoic-acid/,blog/alpha-lipoic-acid/index.html,D,Y,N,Y,Y,Y,Y,Y,NervLock Nerve Care/너브케어,Support Your Neural Health with NervLock Nerve Care | Formulated by a neurologist with curcumin + Aflapin® — dual NF-κB and 5-LOX pathway coverage for neural inflammatory balance. / NervLock's first product is launching soon. | 버튼: Get Launch Notification,"author-card 직후, related 섹션 직전 (.cta-banner 블록)",(일반 영양/성분 교육),Formulated by a neurologist with curcumin + Aflapin® — dual NF-κB and 5-LOX pathway coverage for neural inflammatory balance. / NervLock's first product is launching soon.,"CTA 배너(.cta-banner) 제거 또는 보류 — 제품명(Nerve Care/Brain Energy) 확정 전까지 재게시 금지 / 저자명을 Jeehyun Ham, M.D.로 통일 / 의료 검수자·검토일 필드 보완(신형 템플릿 기준) / hreflang·구조화 데이터는 제품명 이슈 해결 후 별도 진행(D6)","2순위 (성분·영양 교육, 질환명 미포함)",Y,N (D1 제품 CTA 존재로 재분류 불가)
alpha-lipoic-acid-nerve,en,"Alpha-Lipoic Acid and Peripheral Nerve Health: Mechanisms, Evidence, and Clinical Application | NervLock",https://nervlocklab.com/blog/alpha-lipoic-acid-nerve/,blog/alpha-lipoic-acid-nerve/index.html,D,Y,Y,Y,Y,Y,Y,Y,NervLock Nerve Care/너브케어,"Support Your Neural Health with NervLock Nerve Care | R-alpha-lipoic acid included among six evidence-based support nutrients, alongside curcumin + Aflapin® dual-pathway core design. / NervLock's first product is launching soon. | 버튼: Get Launch Notification","author-card 직후, related 섹션 직전 (.cta-banner 블록)",말초신경/신경통,"R-alpha-lipoic acid included among six evidence-based support nutrients, alongside curcumin + Aflapin® dual-pathway core design. / NervLock's first product is launching soon.","CTA 배너(.cta-banner) 제거 또는 보류 — 제품명(Nerve Care/Brain Energy) 확정 전까지 재게시 금지 / 질환·증상 교육 본문과 제품 홍보 분리 배치(재도입 시) / 저자명을 Jeehyun Ham, M.D.로 통일 / 의료 검수자·검토일 필드 보완(신형 템플릿 기준) / hreflang·구조화 데이터는 제품명 이슈 해결 후 별도 진행(D6)",1순위 (질환·증상명 직접 연결),Y,N (D1 제품 CTA 존재로 재분류 불가)
autonomic-dysfunction-symptoms,en,When the Autonomic Nervous System Fails: Dysautonomia Signs & Symptoms | NervLock,https://nervlocklab.com/blog/autonomic-dysfunction-symptoms/,blog/autonomic-dysfunction-symptoms/index.html,D,Y,Y,Y,Y,Y,Y,Y,NervLock Nerve Care/너브케어,Support Your Neural Health with NervLock Nerve Care | Formulated by a neurologist with curcumin + Aflapin® — the two most evidence-backed ingredients for neural inflammatory balance. / NervLock's first product is launching soon. | 버튼: Get Launch Notification,"author-card 직후, related 섹션 직전 (.cta-banner 블록)",자율신경,Formulated by a neurologist with curcumin + Aflapin® — the two most evidence-backed ingredients for neural inflammatory balance. / NervLock's first product is launching soon.,"CTA 배너(.cta-banner) 제거 또는 보류 — 제품명(Nerve Care/Brain Energy) 확정 전까지 재게시 금지 / 질환·증상 교육 본문과 제품 홍보 분리 배치(재도입 시) / 저자명을 Jeehyun Ham, M.D.로 통일 / 의료 검수자·검토일 필드 보완(신형 템플릿 기준) / hreflang·구조화 데이터는 제품명 이슈 해결 후 별도 진행(D6)",1순위 (질환·증상명 직접 연결),Y,N (D1 제품 CTA 존재로 재분류 불가)
brain-fog-neuroscience,en,Brain Fog: Neurobiological Mechanisms and Evidence-Based Nutritional Support | NervLock,https://nervlocklab.com/blog/brain-fog-neuroscience/,blog/brain-fog-neuroscience/index.html,D,Y,Y,Y,Y,Y,Y,Y,NervLock Nerve Care/너브케어,Support Your Neural Health with NervLock Nerve Care | Formulated by a neurologist with curcumin + Aflapin® — dual NF-κB and 5-LOX pathway modulation for neural inflammatory balance. / NervLock's first product is launching soon. | 버튼: Get Launch Notification,"author-card 직후, related 섹션 직전 (.cta-banner 블록)",브레인포그/집중력,Formulated by a neurologist with curcumin + Aflapin® — dual NF-κB and 5-LOX pathway modulation for neural inflammatory balance. / NervLock's first product is launching soon.,"CTA 배너(.cta-banner) 제거 또는 보류 — 제품명(Nerve Care/Brain Energy) 확정 전까지 재게시 금지 / 질환·증상 교육 본문과 제품 홍보 분리 배치(재도입 시) / 저자명을 Jeehyun Ham, M.D.로 통일 / 의료 검수자·검토일 필드 보완(신형 템플릿 기준) / hreflang·구조화 데이터는 제품명 이슈 해결 후 별도 진행(D6)",1순위 (질환·증상명 직접 연결),Y,N (D1 제품 CTA 존재로 재분류 불가)
dementia-modifiable-risk-factors,en,Modifiable Risk Factors for Dementia: What the Lancet Commission Evidence Tells Us | NervLock,https://nervlocklab.com/blog/dementia-modifiable-risk-factors/,blog/dementia-modifiable-risk-factors/index.html,D,Y,Y,Y,Y,Y,Y,Y,Brain Energy,Start Your Brain Health Routine with NervLock Brain Energy | Formulated by a neurologist with phosphatidylserine + rTG Omega-3 — core ingredients your brain needs. / NervLock's first product is launching soon. | 버튼: Get Launch Notification,"author-card 직후, related 섹션 직전 (.cta-banner 블록)",치매,Formulated by a neurologist with phosphatidylserine + rTG Omega-3 — core ingredients your brain needs. / NervLock's first product is launching soon.,"CTA 배너(.cta-banner) 제거 또는 보류 — 제품명(Nerve Care/Brain Energy) 확정 전까지 재게시 금지 / 질환·증상 교육 본문과 제품 홍보 분리 배치(재도입 시) / 저자명을 Jeehyun Ham, M.D.로 통일 / 의료 검수자·검토일 필드 보완(신형 템플릿 기준) / hreflang·구조화 데이터는 제품명 이슈 해결 후 별도 진행(D6)",1순위 (질환·증상명 직접 연결),Y,N (D1 제품 CTA 존재로 재분류 불가)
dementia-preclinical-stage,en,Dementia Doesn't Arrive Suddenly: The Decade-Long Neurobiological Cascade Before Diagnosis | NervLock,https://nervlocklab.com/blog/dementia-preclinical-stage/,blog/dementia-preclinical-stage/index.html,D,Y,Y,Y,Y,Y,Y,Y,Brain Energy,Start Your Brain Health Routine with NervLock Brain Energy | Formulated by a neurologist with phosphatidylserine + rTG Omega-3 — core ingredients your brain needs. / NervLock's first product is launching soon. | 버튼: Get Launch Notification,"author-card 직후, related 섹션 직전 (.cta-banner 블록)",치매,Formulated by a neurologist with phosphatidylserine + rTG Omega-3 — core ingredients your brain needs. / NervLock's first product is launching soon.,"CTA 배너(.cta-banner) 제거 또는 보류 — 제품명(Nerve Care/Brain Energy) 확정 전까지 재게시 금지 / 질환·증상 교육 본문과 제품 홍보 분리 배치(재도입 시) / 저자명을 Jeehyun Ham, M.D.로 통일 / 의료 검수자·검토일 필드 보완(신형 템플릿 기준) / hreflang·구조화 데이터는 제품명 이슈 해결 후 별도 진행(D6)",1순위 (질환·증상명 직접 연결),Y,N (D1 제품 CTA 존재로 재분류 불가)
foods-nerve-health,en,Foods and Peripheral Nerve Health: What a Neurologist Looks at on Your Plate | NervLock,https://nervlocklab.com/blog/foods-nerve-health/,blog/foods-nerve-health/index.html,D,Y,Y,Y,Y,Y,Y,Y,NervLock Nerve Care/너브케어,"Support Your Neural Health with NervLock Nerve Care | Curcumin + Aflapin® — dual NF-κB and 5-LOX pathway modulation, formulated for nerve health by a neurologist. / NervLock's first product is launching soon. | 버튼: Get Launch Notification","author-card 직후, related 섹션 직전 (.cta-banner 블록)",말초신경/신경통,"Curcumin + Aflapin® — dual NF-κB and 5-LOX pathway modulation, formulated for nerve health by a neurologist. / NervLock's first product is launching soon.","CTA 배너(.cta-banner) 제거 또는 보류 — 제품명(Nerve Care/Brain Energy) 확정 전까지 재게시 금지 / 질환·증상 교육 본문과 제품 홍보 분리 배치(재도입 시) / 저자명을 Jeehyun Ham, M.D.로 통일 / 의료 검수자·검토일 필드 보완(신형 템플릿 기준) / hreflang·구조화 데이터는 제품명 이슈 해결 후 별도 진행(D6)",1순위 (질환·증상명 직접 연결),Y,N (D1 제품 CTA 존재로 재분류 불가)
herpes-zoster-neuralgia,en,Post-Herpetic Neuralgia: Why Pain Persists After Shingles | NervLock,https://nervlocklab.com/blog/herpes-zoster-neuralgia/,blog/herpes-zoster-neuralgia/index.html,D,Y,Y,Y,Y,Y,Y,Y,NervLock Nerve Care/너브케어,Support Your Neural Health with NervLock Nerve Care | Formulated by a neurologist with curcumin + Aflapin® — dual NF-κB and 5-LOX pathway coverage for neural inflammatory balance. / NervLock's first product is launching soon. | 버튼: Get Launch Notification,"author-card 직후, related 섹션 직전 (.cta-banner 블록)",말초신경/신경통; 통증,Formulated by a neurologist with curcumin + Aflapin® — dual NF-κB and 5-LOX pathway coverage for neural inflammatory balance. / NervLock's first product is launching soon.,"CTA 배너(.cta-banner) 제거 또는 보류 — 제품명(Nerve Care/Brain Energy) 확정 전까지 재게시 금지 / 질환·증상 교육 본문과 제품 홍보 분리 배치(재도입 시) / 저자명을 Jeehyun Ham, M.D.로 통일 / 의료 검수자·검토일 필드 보완(신형 템플릿 기준) / hreflang·구조화 데이터는 제품명 이슈 해결 후 별도 진행(D6)",1순위 (질환·증상명 직접 연결),Y,N (D1 제품 CTA 존재로 재분류 불가)
homocysteine-dementia-b-vitamins,en,"Homocysteine, Brain Atrophy, and B Vitamins: The Neurological Evidence | NervLock",https://nervlocklab.com/blog/homocysteine-dementia-b-vitamins/,blog/homocysteine-dementia-b-vitamins/index.html,D,Y,Y,Y,Y,Y,Y,Y,Brain Energy,"Start Your Brain Health Routine with NervLock Brain Energy | Includes B12, folate, and B6 to support homocysteine metabolism. / NervLock's first product is launching soon. | 버튼: Get Launch Notification","author-card 직후, related 섹션 직전 (.cta-banner 블록)",치매,"Includes B12, folate, and B6 to support homocysteine metabolism. / NervLock's first product is launching soon.","CTA 배너(.cta-banner) 제거 또는 보류 — 제품명(Nerve Care/Brain Energy) 확정 전까지 재게시 금지 / 질환·증상 교육 본문과 제품 홍보 분리 배치(재도입 시) / 저자명을 Jeehyun Ham, M.D.로 통일 / 의료 검수자·검토일 필드 보완(신형 템플릿 기준) / hreflang·구조화 데이터는 제품명 이슈 해결 후 별도 진행(D6)",1순위 (질환·증상명 직접 연결),Y,N (D1 제품 CTA 존재로 재분류 불가)
nerve-health-foods,en,Diet and Neural Health: 5 Foods That Harm Your Nerves | NervLock,https://nervlocklab.com/blog/nerve-health-foods/,blog/nerve-health-foods/index.html,D,Y,Y,Y,Y,Y,Y,Y,NervLock Nerve Care/너브케어,Support Your Neural Health with NervLock Nerve Care | Formulated by a neurologist with curcumin + Aflapin® — dual NF-κB and 5-LOX pathway coverage for neural inflammatory balance. / NervLock's first product is launching soon. | 버튼: Get Launch Notification,"author-card 직후, related 섹션 직전 (.cta-banner 블록)",말초신경/신경통,Formulated by a neurologist with curcumin + Aflapin® — dual NF-κB and 5-LOX pathway coverage for neural inflammatory balance. / NervLock's first product is launching soon.,"CTA 배너(.cta-banner) 제거 또는 보류 — 제품명(Nerve Care/Brain Energy) 확정 전까지 재게시 금지 / 질환·증상 교육 본문과 제품 홍보 분리 배치(재도입 시) / 저자명을 Jeehyun Ham, M.D.로 통일 / 의료 검수자·검토일 필드 보완(신형 템플릿 기준) / hreflang·구조화 데이터는 제품명 이슈 해결 후 별도 진행(D6)",1순위 (질환·증상명 직접 연결),Y,N (D1 제품 CTA 존재로 재분류 불가)
nocturnal-nerve-discomfort,en,Why Peripheral Nerve Symptoms Worsen at Night: Circadian Biology and Pain Amplification | NervLock,https://nervlocklab.com/blog/nocturnal-nerve-discomfort/,blog/nocturnal-nerve-discomfort/index.html,D,Y,Y,Y,Y,Y,Y,Y,NervLock Nerve Care/너브케어,Support Your Neural Health with NervLock Nerve Care | Formulated by a neurologist — curcumin + Aflapin® targeting the NF-κB and 5-LOX pathways that drive neuroinflammation. / NervLock's first product is launching soon. | 버튼: Get Launch Notification,"author-card 직후, related 섹션 직전 (.cta-banner 블록)",말초신경/신경통; 통증,Formulated by a neurologist — curcumin + Aflapin® targeting the NF-κB and 5-LOX pathways that drive neuroinflammation. / NervLock's first product is launching soon.,"CTA 배너(.cta-banner) 제거 또는 보류 — 제품명(Nerve Care/Brain Energy) 확정 전까지 재게시 금지 / 질환·증상 교육 본문과 제품 홍보 분리 배치(재도입 시) / 저자명을 Jeehyun Ham, M.D.로 통일 / 의료 검수자·검토일 필드 보완(신형 템플릿 기준) / hreflang·구조화 데이터는 제품명 이슈 해결 후 별도 진행(D6)",1순위 (질환·증상명 직접 연결),Y,N (D1 제품 CTA 존재로 재분류 불가)
parkinson-dopamine-neuroinflammation,en,"The Pathophysiology of Parkinson's Disease: Dopamine, Alpha-Synuclein, and Neuroinflammation | NervLock",https://nervlocklab.com/blog/parkinson-dopamine-neuroinflammation/,blog/parkinson-dopamine-neuroinflammation/index.html,D,Y,Y,Y,Y,Y,Y,Y,NervLock Nerve Care/너브케어,Support Your Neural Health with NervLock Nerve Care | Formulated by a neurologist with curcumin + Aflapin® — dual NF-κB and 5-LOX pathway coverage for neural inflammatory balance. / NervLock's first product is launching soon. | 버튼: Get Launch Notification,"author-card 직후, related 섹션 직전 (.cta-banner 블록)",파킨슨병,Formulated by a neurologist with curcumin + Aflapin® — dual NF-κB and 5-LOX pathway coverage for neural inflammatory balance. / NervLock's first product is launching soon.,"CTA 배너(.cta-banner) 제거 또는 보류 — 제품명(Nerve Care/Brain Energy) 확정 전까지 재게시 금지 / 질환·증상 교육 본문과 제품 홍보 분리 배치(재도입 시) / 저자명을 Jeehyun Ham, M.D.로 통일 / 의료 검수자·검토일 필드 보완(신형 템플릿 기준) / hreflang·구조화 데이터는 제품명 이슈 해결 후 별도 진행(D6)",1순위 (질환·증상명 직접 연결),Y,N (D1 제품 CTA 존재로 재분류 불가)
parkinson-early-signs,en,Early Signs of Parkinson's Disease: The Prodromal Signals That Precede Motor Symptoms | NervLock,https://nervlocklab.com/blog/parkinson-early-signs/,blog/parkinson-early-signs/index.html,D,Y,Y,Y,Y,Y,Y,Y,NervLock Nerve Care/너브케어,Support Your Neural Health with NervLock Nerve Care | Formulated by a neurologist with curcumin + Aflapin® — dual NF-κB and 5-LOX pathway coverage for neural inflammatory balance. / NervLock's first product is launching soon. | 버튼: Get Launch Notification,"author-card 직후, related 섹션 직전 (.cta-banner 블록)",파킨슨병,Formulated by a neurologist with curcumin + Aflapin® — dual NF-κB and 5-LOX pathway coverage for neural inflammatory balance. / NervLock's first product is launching soon.,"CTA 배너(.cta-banner) 제거 또는 보류 — 제품명(Nerve Care/Brain Energy) 확정 전까지 재게시 금지 / 질환·증상 교육 본문과 제품 홍보 분리 배치(재도입 시) / 저자명을 Jeehyun Ham, M.D.로 통일 / 의료 검수자·검토일 필드 보완(신형 템플릿 기준) / hreflang·구조화 데이터는 제품명 이슈 해결 후 별도 진행(D6)",1순위 (질환·증상명 직접 연결),Y,N (D1 제품 CTA 존재로 재분류 불가)
parkinson-exercise-therapy,en,Exercise as Medicine in Parkinson's Disease: Neurobiological Mechanisms and Clinical Evidence | NervLock,https://nervlocklab.com/blog/parkinson-exercise-therapy/,blog/parkinson-exercise-therapy/index.html,D,Y,Y,Y,Y,Y,Y,Y,NervLock Nerve Care/너브케어,Support Your Neural Health with NervLock Nerve Care | Formulated by a neurologist with curcumin + Aflapin® — dual NF-κB and 5-LOX pathway coverage for neural inflammatory balance. / NervLock's first product is launching soon. | 버튼: Get Launch Notification,"author-card 직후, related 섹션 직전 (.cta-banner 블록)",파킨슨병,Formulated by a neurologist with curcumin + Aflapin® — dual NF-κB and 5-LOX pathway coverage for neural inflammatory balance. / NervLock's first product is launching soon.,"CTA 배너(.cta-banner) 제거 또는 보류 — 제품명(Nerve Care/Brain Energy) 확정 전까지 재게시 금지 / 질환·증상 교육 본문과 제품 홍보 분리 배치(재도입 시) / 저자명을 Jeehyun Ham, M.D.로 통일 / 의료 검수자·검토일 필드 보완(신형 템플릿 기준) / hreflang·구조화 데이터는 제품명 이슈 해결 후 별도 진행(D6)",1순위 (질환·증상명 직접 연결),Y,N (D1 제품 CTA 존재로 재분류 불가)
parkinson-medication-management,en,Pharmacological Management of Parkinson's Disease: A Neurologist's Evidence-Based Overview | NervLock,https://nervlocklab.com/blog/parkinson-medication-management/,blog/parkinson-medication-management/index.html,D,Y,Y,Y,Y,Y,Y,Y,NervLock Nerve Care/너브케어,Support Your Neural Health with NervLock Nerve Care | Formulated by a neurologist with curcumin + Aflapin® — dual NF-κB and 5-LOX pathway coverage for neural inflammatory balance. / NervLock's first product is launching soon. | 버튼: Get Launch Notification,"author-card 직후, related 섹션 직전 (.cta-banner 블록)",파킨슨병,Formulated by a neurologist with curcumin + Aflapin® — dual NF-κB and 5-LOX pathway coverage for neural inflammatory balance. / NervLock's first product is launching soon.,"CTA 배너(.cta-banner) 제거 또는 보류 — 제품명(Nerve Care/Brain Energy) 확정 전까지 재게시 금지 / 질환·증상 교육 본문과 제품 홍보 분리 배치(재도입 시) / 저자명을 Jeehyun Ham, M.D.로 통일 / 의료 검수자·검토일 필드 보완(신형 템플릿 기준) / hreflang·구조화 데이터는 제품명 이슈 해결 후 별도 진행(D6)",1순위 (질환·증상명 직접 연결),Y,N (D1 제품 CTA 존재로 재분류 불가)
peripheral-neuropathy,en,"What is Peripheral Neuropathy? Symptoms, Causes & Neurologist's Perspective | NervLock",https://nervlocklab.com/blog/peripheral-neuropathy/,blog/peripheral-neuropathy/index.html,D,Y,Y,Y,Y,Y,Y,Y,NervLock Nerve Care/너브케어,Support Your Neural Health with NervLock Nerve Care | Formulated by a neurologist with curcumin + Aflapin® — the two most evidence-backed ingredients for neural inflammatory balance. / NervLock's first product is launching soon. | 버튼: Get Launch Notification,"author-card 직후, related 섹션 직전 (.cta-banner 블록)",말초신경/신경통,Formulated by a neurologist with curcumin + Aflapin® — the two most evidence-backed ingredients for neural inflammatory balance. / NervLock's first product is launching soon.,"CTA 배너(.cta-banner) 제거 또는 보류 — 제품명(Nerve Care/Brain Energy) 확정 전까지 재게시 금지 / 질환·증상 교육 본문과 제품 홍보 분리 배치(재도입 시) / 저자명을 Jeehyun Ham, M.D.로 통일 / 의료 검수자·검토일 필드 보완(신형 템플릿 기준) / hreflang·구조화 데이터는 제품명 이슈 해결 후 별도 진행(D6)",1순위 (질환·증상명 직접 연결),Y,N (D1 제품 CTA 존재로 재분류 불가)
phosphatidylserine-memory,en,Phosphatidylserine and Memory: The Neurobiological Case | NervLock,https://nervlocklab.com/blog/phosphatidylserine-memory/,blog/phosphatidylserine-memory/index.html,D,Y,Y,Y,Y,Y,Y,Y,Brain Energy,Support Brain Health with NervLock Brain Energy | Formulated by a neurologist with MFDS-recognized phosphatidylserine as a core ingredient. / NervLock Brain Energy — a science-based brain health routine — launching soon. | 버튼: Get Launch Notification,"author-card 직후, related 섹션 직전 (.cta-banner 블록)",기억력 저하,Formulated by a neurologist with MFDS-recognized phosphatidylserine as a core ingredient. / NervLock Brain Energy — a science-based brain health routine — launching soon.,"CTA 배너(.cta-banner) 제거 또는 보류 — 제품명(Nerve Care/Brain Energy) 확정 전까지 재게시 금지 / 질환·증상 교육 본문과 제품 홍보 분리 배치(재도입 시) / 저자명을 Jeehyun Ham, M.D.로 통일 / 의료 검수자·검토일 필드 보완(신형 템플릿 기준) / hreflang·구조화 데이터는 제품명 이슈 해결 후 별도 진행(D6)",1순위 (질환·증상명 직접 연결),Y,N (D1 제품 CTA 존재로 재분류 불가)
postherpetic-neuralgia,en,Postherpetic Neuralgia: Why Pain Persists Long After the Rash Has Healed | NervLock,https://nervlocklab.com/blog/postherpetic-neuralgia/,blog/postherpetic-neuralgia/index.html,D,Y,Y,Y,Y,Y,Y,Y,NervLock Nerve Care/너브케어,Support Your Neural Health with NervLock Nerve Care | Formulated by a neurologist with curcumin + Aflapin® — the two most evidence-backed ingredients for neural inflammatory balance. / NervLock's first product is launching soon. | 버튼: Get Launch Notification,"author-card 직후, related 섹션 직전 (.cta-banner 블록)",말초신경/신경통; 통증,Formulated by a neurologist with curcumin + Aflapin® — the two most evidence-backed ingredients for neural inflammatory balance. / NervLock's first product is launching soon.,"CTA 배너(.cta-banner) 제거 또는 보류 — 제품명(Nerve Care/Brain Energy) 확정 전까지 재게시 금지 / 질환·증상 교육 본문과 제품 홍보 분리 배치(재도입 시) / 저자명을 Jeehyun Ham, M.D.로 통일 / 의료 검수자·검토일 필드 보완(신형 템플릿 기준) / hreflang·구조화 데이터는 제품명 이슈 해결 후 별도 진행(D6)",1순위 (질환·증상명 직접 연결),Y,N (D1 제품 CTA 존재로 재분류 불가)
rtg-omega3-bioavailability,en,rTG Omega-3: Why Molecular Form Determines Bioavailability | NervLock,https://nervlocklab.com/blog/rtg-omega3-bioavailability/,blog/rtg-omega3-bioavailability/index.html,D,Y,N,Y,Y,Y,Y,Y,Brain Energy,Support Brain Health with NervLock Brain Energy | Formulated by a neurologist with rTG-form omega-3 as a core ingredient — bioavailability-first design from the ground up. / NervLock Brain Energy launching soon. | 버튼: Get Launch Notification,"author-card 직후, related 섹션 직전 (.cta-banner 블록)",(일반 영양/성분 교육),Formulated by a neurologist with rTG-form omega-3 as a core ingredient — bioavailability-first design from the ground up. / NervLock Brain Energy launching soon.,"CTA 배너(.cta-banner) 제거 또는 보류 — 제품명(Nerve Care/Brain Energy) 확정 전까지 재게시 금지 / 저자명을 Jeehyun Ham, M.D.로 통일 / 의료 검수자·검토일 필드 보완(신형 템플릿 기준) / hreflang·구조화 데이터는 제품명 이슈 해결 후 별도 진행(D6)","2순위 (성분·영양 교육, 질환명 미포함)",Y,N (D1 제품 CTA 존재로 재분류 불가)
sleep-memory-focus,en,Sleep and Brain Health: How Rest Shapes Memory and Focus | NervLock,https://nervlocklab.com/blog/sleep-memory-focus/,blog/sleep-memory-focus/index.html,D,Y,Y,Y,Y,Y,Y,Y,Brain Energy,Start Your Brain Health Routine with NervLock Brain Energy | Formulated by a neurologist with phosphatidylserine + rTG Omega-3 — core ingredients your brain needs. / NervLock's first product is launching soon. | 버튼: Get Launch Notification,"author-card 직후, related 섹션 직전 (.cta-banner 블록)",브레인포그/집중력; 기억력 저하,Formulated by a neurologist with phosphatidylserine + rTG Omega-3 — core ingredients your brain needs. / NervLock's first product is launching soon.,"CTA 배너(.cta-banner) 제거 또는 보류 — 제품명(Nerve Care/Brain Energy) 확정 전까지 재게시 금지 / 질환·증상 교육 본문과 제품 홍보 분리 배치(재도입 시) / 저자명을 Jeehyun Ham, M.D.로 통일 / 의료 검수자·검토일 필드 보완(신형 템플릿 기준) / hreflang·구조화 데이터는 제품명 이슈 해결 후 별도 진행(D6)",1순위 (질환·증상명 직접 연결),Y,N (D1 제품 CTA 존재로 재분류 불가)
vitamin-b12-methylcobalamin,en,Vitamin B12 and Nerve Health: Why Form Matters — Methylcobalamin vs Cyanocobalamin | NervLock,https://nervlocklab.com/blog/vitamin-b12-methylcobalamin/,blog/vitamin-b12-methylcobalamin/index.html,D,Y,Y,Y,Y,Y,Y,Y,NervLock Nerve Care/너브케어,"Support Your Neural Health with NervLock Nerve Care | Methylcobalamin included among six evidence-based support nutrients, alongside curcumin + Aflapin® core ingredients. / NervLock's first product is launching soon. | 버튼: Get Launch Notification","author-card 직후, related 섹션 직전 (.cta-banner 블록)",말초신경/신경통,"Methylcobalamin included among six evidence-based support nutrients, alongside curcumin + Aflapin® core ingredients. / NervLock's first product is launching soon.","CTA 배너(.cta-banner) 제거 또는 보류 — 제품명(Nerve Care/Brain Energy) 확정 전까지 재게시 금지 / 질환·증상 교육 본문과 제품 홍보 분리 배치(재도입 시) / 저자명을 Jeehyun Ham, M.D.로 통일 / 의료 검수자·검토일 필드 보완(신형 템플릿 기준) / hreflang·구조화 데이터는 제품명 이슈 해결 후 별도 진행(D6)",1순위 (질환·증상명 직접 연결),Y,N (D1 제품 CTA 존재로 재분류 불가)
vitamin-b12-nerve,en,Methylcobalamin vs. Cyanocobalamin: What Your Nerves Actually Need | NervLock,https://nervlocklab.com/blog/vitamin-b12-nerve/,blog/vitamin-b12-nerve/index.html,D,Y,N,Y,Y,Y,Y,Y,NervLock Nerve Care/너브케어,Support Your Neural Health with NervLock Nerve Care | Formulated by a neurologist with curcumin + Aflapin® for neural inflammatory balance. / NervLock's first product is launching soon. | 버튼: Get Launch Notification,"author-card 직후, related 섹션 직전 (.cta-banner 블록)",(일반 영양/성분 교육),Formulated by a neurologist with curcumin + Aflapin® for neural inflammatory balance. / NervLock's first product is launching soon.,"CTA 배너(.cta-banner) 제거 또는 보류 — 제품명(Nerve Care/Brain Energy) 확정 전까지 재게시 금지 / 저자명을 Jeehyun Ham, M.D.로 통일 / 의료 검수자·검토일 필드 보완(신형 템플릿 기준) / hreflang·구조화 데이터는 제품명 이슈 해결 후 별도 진행(D6)","2순위 (성분·영양 교육, 질환명 미포함)",Y,N (D1 제품 CTA 존재로 재분류 불가)
rTG-오메가3-차이,ko,"rTG 오메가3, 일반 오메가3와 뭐가 다른가 — 흡수율의 과학 | NervLock",https://nervlocklab.com/blog/rTG-오메가3-차이/,blog/rTG-오메가3-차이/index.html,D,Y,N,Y,Y,Y,Y,Y,Brain Energy,NervLock Brain Energy로 뇌 건강 루틴을 시작하세요 | 신경과 전문의가 설계한 rTG형 오메가3 포함 뇌 건강 영양 루틴. / 흡수율부터 설계한 NervLock Brain Energy가 곧 출시됩니다. | 버튼: 출시 알림 신청하기,"author-card 직후, related 섹션 직전 (.cta-banner 블록)",(일반 영양/성분 교육),신경과 전문의가 설계한 rTG형 오메가3 포함 뇌 건강 영양 루틴. / 흡수율부터 설계한 NervLock Brain Energy가 곧 출시됩니다.,CTA 배너(.cta-banner) 제거 또는 보류 — 제품명(Nerve Care/Brain Energy) 확정 전까지 재게시 금지 / 의료 검수자·검토일 필드 보완(신형 템플릿 기준) / hreflang·구조화 데이터는 제품명 이슈 해결 후 별도 진행(D6),"2순위 (성분·영양 교육, 질환명 미포함)",Y,N (D1 제품 CTA 존재로 재분류 불가)
대상포진-신경통,ko,"대상포진 후 신경통, 왜 수십 년씩 지속되는가 | NervLock",https://nervlocklab.com/blog/대상포진-신경통/,blog/대상포진-신경통/index.html,D,Y,Y,Y,Y,Y,Y,Y,NervLock Nerve Care/너브케어,NervLock 너브케어로 신경 건강을 지원하세요 | 신경과 전문의가 직접 처방한 커큐민 + 애플라핀® — 신경 염증 균형을 위한 가장 근거 있는 두 가지 성분. / NervLock 브랜드의 첫 번째 제품이 곧 출시됩니다. | 버튼: 출시 알림 신청하기,"author-card 직후, related 섹션 직전 (.cta-banner 블록)",말초신경/신경통,신경과 전문의가 직접 처방한 커큐민 + 애플라핀® — 신경 염증 균형을 위한 가장 근거 있는 두 가지 성분. / NervLock 브랜드의 첫 번째 제품이 곧 출시됩니다.,CTA 배너(.cta-banner) 제거 또는 보류 — 제품명(Nerve Care/Brain Energy) 확정 전까지 재게시 금지 / 질환·증상 교육 본문과 제품 홍보 분리 배치(재도입 시) / 의료 검수자·검토일 필드 보완(신형 템플릿 기준) / hreflang·구조화 데이터는 제품명 이슈 해결 후 별도 진행(D6),1순위 (질환·증상명 직접 연결),Y,N (D1 제품 CTA 존재로 재분류 불가)
말초신경병증,ko,"말초신경병증이란? 증상, 원인, 신경과 전문의의 시각 | NervLock",https://nervlocklab.com/blog/말초신경병증/,blog/말초신경병증/index.html,D,Y,Y,Y,Y,Y,Y,Y,NervLock Nerve Care/너브케어,NervLock 너브케어로 신경 건강을 지원하세요 | 신경과 전문의가 직접 처방한 커큐민 + 애플라핀® — 신경 염증 균형을 위한 가장 근거 있는 두 가지 성분. / NervLock 브랜드의 첫 번째 제품이 곧 출시됩니다. | 버튼: 출시 알림 신청하기,"author-card 직후, related 섹션 직전 (.cta-banner 블록)",말초신경/신경통,신경과 전문의가 직접 처방한 커큐민 + 애플라핀® — 신경 염증 균형을 위한 가장 근거 있는 두 가지 성분. / NervLock 브랜드의 첫 번째 제품이 곧 출시됩니다.,CTA 배너(.cta-banner) 제거 또는 보류 — 제품명(Nerve Care/Brain Energy) 확정 전까지 재게시 금지 / 질환·증상 교육 본문과 제품 홍보 분리 배치(재도입 시) / 의료 검수자·검토일 필드 보완(신형 템플릿 기준) / hreflang·구조화 데이터는 제품명 이슈 해결 후 별도 진행(D6),1순위 (질환·증상명 직접 연결),Y,N (D1 제품 CTA 존재로 재분류 불가)
브레인포그-신경과학,ko,브레인 포그(Brain Fog) — 멍한 머리의 신경과학적 원인과 필요 영양소 | NervLock,https://nervlocklab.com/blog/브레인포그-신경과학/,blog/브레인포그-신경과학/index.html,D,Y,Y,Y,Y,Y,Y,Y,NervLock Nerve Care/너브케어,NervLock 신경 케어로 신경 건강을 지원하세요 | 신경과 전문의가 직접 설계한 성분 — 커큐민 + Aflapin® 이중 경로 신경 염증 조절. / NervLock 첫 번째 제품 출시가 곧 시작됩니다. | 버튼: 출시 알림 신청,"author-card 직후, related 섹션 직전 (.cta-banner 블록)",브레인포그/집중력,신경과 전문의가 직접 설계한 성분 — 커큐민 + Aflapin® 이중 경로 신경 염증 조절. / NervLock 첫 번째 제품 출시가 곧 시작됩니다.,CTA 배너(.cta-banner) 제거 또는 보류 — 제품명(Nerve Care/Brain Energy) 확정 전까지 재게시 금지 / 질환·증상 교육 본문과 제품 홍보 분리 배치(재도입 시) / 의료 검수자·검토일 필드 보완(신형 템플릿 기준) / hreflang·구조화 데이터는 제품명 이슈 해결 후 별도 진행(D6),1순위 (질환·증상명 직접 연결),Y,N (D1 제품 CTA 존재로 재분류 불가)
비타민B12-신경,ko,비타민 B12가 신경에 하는 일 — 메코발라민 vs 시아노코발라민 | NervLock,https://nervlocklab.com/blog/비타민B12-신경/,blog/비타민B12-신경/index.html,D,Y,N,Y,Y,Y,Y,Y,NervLock Nerve Care/너브케어,NervLock 너브케어로 신경 건강을 지원하세요 | 메코발라민을 포함한 서포트 6종 + 커큐민·애플라핀® 핵심 성분 — 신경과 전문의가 직접 설계한 처방. / NervLock 브랜드의 첫 번째 제품이 곧 출시됩니다. | 버튼: 출시 알림 신청하기,"author-card 직후, related 섹션 직전 (.cta-banner 블록)",(일반 영양/성분 교육),메코발라민을 포함한 서포트 6종 + 커큐민·애플라핀® 핵심 성분 — 신경과 전문의가 직접 설계한 처방. / NervLock 브랜드의 첫 번째 제품이 곧 출시됩니다.,CTA 배너(.cta-banner) 제거 또는 보류 — 제품명(Nerve Care/Brain Energy) 확정 전까지 재게시 금지 / 의료 검수자·검토일 필드 보완(신형 템플릿 기준) / hreflang·구조화 데이터는 제품명 이슈 해결 후 별도 진행(D6),"2순위 (성분·영양 교육, 질환명 미포함)",Y,N (D1 제품 CTA 존재로 재분류 불가)
수면-기억력-집중력,ko,수면과 뇌 건강: 잠은 기억력과 집중력에 어떤 영향을 줄까? | NervLock,https://nervlocklab.com/blog/수면-기억력-집중력/,blog/수면-기억력-집중력/index.html,D,Y,Y,Y,Y,Y,Y,Y,Brain Energy,NervLock Brain Energy로 뇌 건강 루틴을 시작하세요 | 신경과 전문의가 설계한 포스파티딜세린 + rTG 오메가-3 — 뇌 건강에 필요한 핵심 성분 조합. / NervLock 브랜드의 첫 번째 제품이 곧 출시됩니다. | 버튼: 출시 알림 신청하기,"author-card 직후, related 섹션 직전 (.cta-banner 블록)",기억력 저하,신경과 전문의가 설계한 포스파티딜세린 + rTG 오메가-3 — 뇌 건강에 필요한 핵심 성분 조합. / NervLock 브랜드의 첫 번째 제품이 곧 출시됩니다.,CTA 배너(.cta-banner) 제거 또는 보류 — 제품명(Nerve Care/Brain Energy) 확정 전까지 재게시 금지 / 질환·증상 교육 본문과 제품 홍보 분리 배치(재도입 시) / 의료 검수자·검토일 필드 보완(신형 템플릿 기준) / hreflang·구조화 데이터는 제품명 이슈 해결 후 별도 진행(D6),1순위 (질환·증상명 직접 연결),Y,N (D1 제품 CTA 존재로 재분류 불가)
신경-건강-음식,ko,신경 건강을 위해 조심해야 할 음식 5가지 | NervLock,https://nervlocklab.com/blog/신경-건강-음식/,blog/신경-건강-음식/index.html,D,Y,Y,Y,Y,Y,Y,Y,NervLock Nerve Care/너브케어,"NervLock 너브케어로 신경 건강을 지원하세요 | 식습관 관리와 함께, 신경과 전문의가 설계한 커큐민 + 애플라핀® — 신경 염증 균형을 위한 근거 있는 접근. / NervLock 브랜드의 첫 번째 제품이 곧 출시됩니다. | 버튼: 출시 알림 신청하기","author-card 직후, related 섹션 직전 (.cta-banner 블록)",말초신경/신경통,"식습관 관리와 함께, 신경과 전문의가 설계한 커큐민 + 애플라핀® — 신경 염증 균형을 위한 근거 있는 접근. / NervLock 브랜드의 첫 번째 제품이 곧 출시됩니다.",CTA 배너(.cta-banner) 제거 또는 보류 — 제품명(Nerve Care/Brain Energy) 확정 전까지 재게시 금지 / 질환·증상 교육 본문과 제품 홍보 분리 배치(재도입 시) / 의료 검수자·검토일 필드 보완(신형 템플릿 기준) / hreflang·구조화 데이터는 제품명 이슈 해결 후 별도 진행(D6),1순위 (질환·증상명 직접 연결),Y,N (D1 제품 CTA 존재로 재분류 불가)
알파리포산,ko,"알파리포산(ALA), 왜 신경 건강에 주목받는가 | NervLock",https://nervlocklab.com/blog/알파리포산/,blog/알파리포산/index.html,D,Y,N,Y,Y,Y,Y,Y,NervLock Nerve Care/너브케어,NervLock 너브케어로 신경 건강을 지원하세요 | R-알파리포산을 포함한 서포트 6종 + 커큐민·애플라핀® 핵심 이중 경로 설계. / NervLock 브랜드의 첫 번째 제품이 곧 출시됩니다. | 버튼: 출시 알림 신청하기,"author-card 직후, related 섹션 직전 (.cta-banner 블록)",(일반 영양/성분 교육),R-알파리포산을 포함한 서포트 6종 + 커큐민·애플라핀® 핵심 이중 경로 설계. / NervLock 브랜드의 첫 번째 제품이 곧 출시됩니다.,CTA 배너(.cta-banner) 제거 또는 보류 — 제품명(Nerve Care/Brain Energy) 확정 전까지 재게시 금지 / 의료 검수자·검토일 필드 보완(신형 템플릿 기준) / hreflang·구조화 데이터는 제품명 이슈 해결 후 별도 진행(D6),"2순위 (성분·영양 교육, 질환명 미포함)",Y,N (D1 제품 CTA 존재로 재분류 불가)
야간-신경-불편감,ko,왜 밤에 신경 불편감이 심해지는가 | NervLock,https://nervlocklab.com/blog/야간-신경-불편감/,blog/야간-신경-불편감/index.html,D,Y,Y,Y,Y,Y,Y,Y,NervLock Nerve Care/너브케어,NervLock 너브케어로 신경 건강을 지원하세요 | 신경과 전문의가 직접 처방한 커큐민 + 애플라핀® — 신경 염증 균형을 위한 근거 기반 접근. / NervLock 브랜드의 첫 번째 제품이 곧 출시됩니다. | 버튼: 출시 알림 신청하기,"author-card 직후, related 섹션 직전 (.cta-banner 블록)",말초신경/신경통,신경과 전문의가 직접 처방한 커큐민 + 애플라핀® — 신경 염증 균형을 위한 근거 기반 접근. / NervLock 브랜드의 첫 번째 제품이 곧 출시됩니다.,CTA 배너(.cta-banner) 제거 또는 보류 — 제품명(Nerve Care/Brain Energy) 확정 전까지 재게시 금지 / 질환·증상 교육 본문과 제품 홍보 분리 배치(재도입 시) / 의료 검수자·검토일 필드 보완(신형 템플릿 기준) / hreflang·구조화 데이터는 제품명 이슈 해결 후 별도 진행(D6),1순위 (질환·증상명 직접 연결),Y,N (D1 제품 CTA 존재로 재분류 불가)
자율신경-무너졌을때,ko,자율신경이 무너졌을 때 — 몸이 보내는 신호들 | NervLock,https://nervlocklab.com/blog/자율신경-무너졌을때/,blog/자율신경-무너졌을때/index.html,D,Y,Y,Y,Y,Y,Y,Y,NervLock Nerve Care/너브케어,NervLock 너브케어로 신경 건강을 지원하세요 | 신경과 전문의가 직접 처방한 커큐민 + 애플라핀® — 신경 염증 균형을 위한 가장 근거 있는 두 가지 성분. / NervLock 브랜드의 첫 번째 제품이 곧 출시됩니다. | 버튼: 출시 알림 신청하기,"author-card 직후, related 섹션 직전 (.cta-banner 블록)",자율신경,신경과 전문의가 직접 처방한 커큐민 + 애플라핀® — 신경 염증 균형을 위한 가장 근거 있는 두 가지 성분. / NervLock 브랜드의 첫 번째 제품이 곧 출시됩니다.,CTA 배너(.cta-banner) 제거 또는 보류 — 제품명(Nerve Care/Brain Energy) 확정 전까지 재게시 금지 / 질환·증상 교육 본문과 제품 홍보 분리 배치(재도입 시) / 의료 검수자·검토일 필드 보완(신형 템플릿 기준) / hreflang·구조화 데이터는 제품명 이슈 해결 후 별도 진행(D6),1순위 (질환·증상명 직접 연결),Y,N (D1 제품 CTA 존재로 재분류 불가)
치매-10년전-신호,ko,치매는 갑자기 오지 않는다 — 10년 전부터 시작되는 뇌의 변화 | NervLock,https://nervlocklab.com/blog/치매-10년전-신호/,blog/치매-10년전-신호/index.html,D,Y,Y,Y,Y,Y,Y,Y,Brain Energy,NervLock Brain Energy로 뇌 건강 루틴을 시작하세요 | 신경과 전문의가 설계한 포스파티딜세린 + rTG 오메가-3 — 뇌 건강에 필요한 핵심 성분 조합. / NervLock 브랜드의 첫 번째 제품이 곧 출시됩니다. | 버튼: 출시 알림 신청하기,"author-card 직후, related 섹션 직전 (.cta-banner 블록)",치매,신경과 전문의가 설계한 포스파티딜세린 + rTG 오메가-3 — 뇌 건강에 필요한 핵심 성분 조합. / NervLock 브랜드의 첫 번째 제품이 곧 출시됩니다.,CTA 배너(.cta-banner) 제거 또는 보류 — 제품명(Nerve Care/Brain Energy) 확정 전까지 재게시 금지 / 질환·증상 교육 본문과 제품 홍보 분리 배치(재도입 시) / 의료 검수자·검토일 필드 보완(신형 템플릿 기준) / hreflang·구조화 데이터는 제품명 이슈 해결 후 별도 진행(D6),1순위 (질환·증상명 직접 연결),Y,N (D1 제품 CTA 존재로 재분류 불가)
치매-위험-생활습관,ko,치매 위험을 높이는 생활습관 7가지 — 신경과 전문의가 정리한 수정 가능한 위험인자 | NervLock,https://nervlocklab.com/blog/치매-위험-생활습관/,blog/치매-위험-생활습관/index.html,D,Y,Y,Y,Y,Y,Y,Y,Brain Energy,NervLock Brain Energy로 뇌 건강 루틴을 시작하세요 | 신경과 전문의가 설계한 포스파티딜세린 + rTG 오메가-3 — 뇌 건강에 필요한 핵심 성분 조합. / NervLock 브랜드의 첫 번째 제품이 곧 출시됩니다. | 버튼: 출시 알림 신청하기,"author-card 직후, related 섹션 직전 (.cta-banner 블록)",치매,신경과 전문의가 설계한 포스파티딜세린 + rTG 오메가-3 — 뇌 건강에 필요한 핵심 성분 조합. / NervLock 브랜드의 첫 번째 제품이 곧 출시됩니다.,CTA 배너(.cta-banner) 제거 또는 보류 — 제품명(Nerve Care/Brain Energy) 확정 전까지 재게시 금지 / 질환·증상 교육 본문과 제품 홍보 분리 배치(재도입 시) / 의료 검수자·검토일 필드 보완(신형 템플릿 기준) / hreflang·구조화 데이터는 제품명 이슈 해결 후 별도 진행(D6),1순위 (질환·증상명 직접 연결),Y,N (D1 제품 CTA 존재로 재분류 불가)
파킨슨-REM수면장애,ko,파킨슨과 수면 — REM수면행동장애 깊게 파기 | NervLock,https://nervlocklab.com/blog/파킨슨-REM수면장애/,blog/파킨슨-REM수면장애/index.html,D,Y,Y,Y,Y,Y,Y,Y,NervLock Nerve Care/너브케어,NervLock 너브케어로 신경 건강을 지원하세요 | 신경과 전문의가 직접 설계한 커큐민 + 애플라핀® — 신경 염증 균형을 위한 가장 근거 있는 두 가지 성분. / NervLock 브랜드의 첫 번째 제품이 곧 출시됩니다. | 버튼: 출시 알림 신청하기,"author-card 직후, related 섹션 직전 (.cta-banner 블록)",파킨슨병,신경과 전문의가 직접 설계한 커큐민 + 애플라핀® — 신경 염증 균형을 위한 가장 근거 있는 두 가지 성분. / NervLock 브랜드의 첫 번째 제품이 곧 출시됩니다.,CTA 배너(.cta-banner) 제거 또는 보류 — 제품명(Nerve Care/Brain Energy) 확정 전까지 재게시 금지 / 질환·증상 교육 본문과 제품 홍보 분리 배치(재도입 시) / 의료 검수자·검토일 필드 보완(신형 템플릿 기준) / hreflang·구조화 데이터는 제품명 이슈 해결 후 별도 진행(D6),1순위 (질환·증상명 직접 연결),Y,N (D1 제품 CTA 존재로 재분류 불가)
파킨슨-글루타치온,ko,"글루타치온 수액, 파킨슨에 도움이 될까? | NervLock",https://nervlocklab.com/blog/파킨슨-글루타치온/,blog/파킨슨-글루타치온/index.html,D,Y,Y,Y,Y,Y,Y,Y,NervLock Nerve Care/너브케어,NervLock 너브케어로 신경 건강을 지원하세요 | 신경과 전문의가 직접 설계한 커큐민 + 애플라핀® — 신경 염증 균형을 위한 가장 근거 있는 두 가지 성분. / NervLock 브랜드의 첫 번째 제품이 곧 출시됩니다. | 버튼: 출시 알림 신청하기,"author-card 직후, related 섹션 직전 (.cta-banner 블록)",파킨슨병,신경과 전문의가 직접 설계한 커큐민 + 애플라핀® — 신경 염증 균형을 위한 가장 근거 있는 두 가지 성분. / NervLock 브랜드의 첫 번째 제품이 곧 출시됩니다.,CTA 배너(.cta-banner) 제거 또는 보류 — 제품명(Nerve Care/Brain Energy) 확정 전까지 재게시 금지 / 질환·증상 교육 본문과 제품 홍보 분리 배치(재도입 시) / 의료 검수자·검토일 필드 보완(신형 템플릿 기준) / hreflang·구조화 데이터는 제품명 이슈 해결 후 별도 진행(D6),1순위 (질환·증상명 직접 연결),Y,N (D1 제품 CTA 존재로 재분류 불가)
파킨슨-변비,ko,파킨슨 환자의 변비 — 물 많이 드세요로는 해결되지 않습니다 | NervLock,https://nervlocklab.com/blog/파킨슨-변비/,blog/파킨슨-변비/index.html,D,Y,Y,Y,Y,Y,Y,Y,NervLock Nerve Care/너브케어,NervLock 너브케어로 신경 건강을 지원하세요 | 신경과 전문의가 직접 설계한 커큐민 + 애플라핀® — 신경 염증 균형을 위한 가장 근거 있는 두 가지 성분. / NervLock 브랜드의 첫 번째 제품이 곧 출시됩니다. | 버튼: 출시 알림 신청하기,"author-card 직후, related 섹션 직전 (.cta-banner 블록)",파킨슨병,신경과 전문의가 직접 설계한 커큐민 + 애플라핀® — 신경 염증 균형을 위한 가장 근거 있는 두 가지 성분. / NervLock 브랜드의 첫 번째 제품이 곧 출시됩니다.,CTA 배너(.cta-banner) 제거 또는 보류 — 제품명(Nerve Care/Brain Energy) 확정 전까지 재게시 금지 / 질환·증상 교육 본문과 제품 홍보 분리 배치(재도입 시) / 의료 검수자·검토일 필드 보완(신형 템플릿 기준) / hreflang·구조화 데이터는 제품명 이슈 해결 후 별도 진행(D6),1순위 (질환·증상명 직접 연결),Y,N (D1 제품 CTA 존재로 재분류 불가)
파킨슨-보호자,ko,파킨슨 보호자가 꼭 알아야 할 것들 | NervLock,https://nervlocklab.com/blog/파킨슨-보호자/,blog/파킨슨-보호자/index.html,D,Y,Y,Y,Y,Y,Y,Y,NervLock Nerve Care/너브케어,NervLock 너브케어로 신경 건강을 지원하세요 | 신경과 전문의가 직접 설계한 커큐민 + 애플라핀® — 신경 염증 균형을 위한 가장 근거 있는 두 가지 성분. / NervLock 브랜드의 첫 번째 제품이 곧 출시됩니다. | 버튼: 출시 알림 신청하기,"author-card 직후, related 섹션 직전 (.cta-banner 블록)",파킨슨병,신경과 전문의가 직접 설계한 커큐민 + 애플라핀® — 신경 염증 균형을 위한 가장 근거 있는 두 가지 성분. / NervLock 브랜드의 첫 번째 제품이 곧 출시됩니다.,CTA 배너(.cta-banner) 제거 또는 보류 — 제품명(Nerve Care/Brain Energy) 확정 전까지 재게시 금지 / 질환·증상 교육 본문과 제품 홍보 분리 배치(재도입 시) / 의료 검수자·검토일 필드 보완(신형 템플릿 기준) / hreflang·구조화 데이터는 제품명 이슈 해결 후 별도 진행(D6),1순위 (질환·증상명 직접 연결),Y,N (D1 제품 CTA 존재로 재분류 불가)
파킨슨-약물치료,ko,"파킨슨 약물 관리, 어떻게 시작하고 어떻게 이해해야 할까 | NervLock",https://nervlocklab.com/blog/파킨슨-약물치료/,blog/파킨슨-약물치료/index.html,D,Y,Y,Y,Y,Y,Y,Y,NervLock Nerve Care/너브케어,NervLock 너브케어로 신경 건강을 지원하세요 | 신경과 전문의가 직접 처방한 커큐민 + 애플라핀® — 신경 염증 균형을 위한 근거 있는 이중 경로 설계. / NervLock 브랜드의 첫 번째 제품이 곧 출시됩니다. | 버튼: 출시 알림 신청하기,"author-card 직후, related 섹션 직전 (.cta-banner 블록)",파킨슨병,신경과 전문의가 직접 처방한 커큐민 + 애플라핀® — 신경 염증 균형을 위한 근거 있는 이중 경로 설계. / NervLock 브랜드의 첫 번째 제품이 곧 출시됩니다.,CTA 배너(.cta-banner) 제거 또는 보류 — 제품명(Nerve Care/Brain Energy) 확정 전까지 재게시 금지 / 질환·증상 교육 본문과 제품 홍보 분리 배치(재도입 시) / 의료 검수자·검토일 필드 보완(신형 템플릿 기준) / hreflang·구조화 데이터는 제품명 이슈 해결 후 별도 진행(D6),1순위 (질환·증상명 직접 연결),Y,N (D1 제품 CTA 존재로 재분류 불가)
파킨슨-운동치료,ko,파킨슨병과 운동 — 신경과 전문의가 운동을 처방하는 이유 | NervLock,https://nervlocklab.com/blog/파킨슨-운동치료/,blog/파킨슨-운동치료/index.html,D,Y,Y,Y,Y,Y,Y,Y,NervLock Nerve Care/너브케어,NervLock 너브케어로 신경 건강을 지원하세요 | 신경과 전문의가 직접 처방한 커큐민 + 애플라핀® — 신경 염증 균형을 위한 근거 있는 이중 경로 설계. / NervLock 브랜드의 첫 번째 제품이 곧 출시됩니다. | 버튼: 출시 알림 신청하기,"author-card 직후, related 섹션 직전 (.cta-banner 블록)",파킨슨병,신경과 전문의가 직접 처방한 커큐민 + 애플라핀® — 신경 염증 균형을 위한 근거 있는 이중 경로 설계. / NervLock 브랜드의 첫 번째 제품이 곧 출시됩니다.,CTA 배너(.cta-banner) 제거 또는 보류 — 제품명(Nerve Care/Brain Energy) 확정 전까지 재게시 금지 / 질환·증상 교육 본문과 제품 홍보 분리 배치(재도입 시) / 의료 검수자·검토일 필드 보완(신형 템플릿 기준) / hreflang·구조화 데이터는 제품명 이슈 해결 후 별도 진행(D6),1순위 (질환·증상명 직접 연결),Y,N (D1 제품 CTA 존재로 재분류 불가)
파킨슨-원인-도파민,ko,"파킨슨병은 왜 생기는가 — 도파민, 루이소체, 신경 염증 | NervLock",https://nervlocklab.com/blog/파킨슨-원인-도파민/,blog/파킨슨-원인-도파민/index.html,D,Y,Y,Y,Y,Y,Y,Y,NervLock Nerve Care/너브케어,NervLock 너브케어로 신경 건강을 지원하세요 | 신경과 전문의가 직접 처방한 커큐민 + 애플라핀® — 신경 염증 균형을 위한 근거 있는 이중 경로 설계. / NervLock 브랜드의 첫 번째 제품이 곧 출시됩니다. | 버튼: 출시 알림 신청하기,"author-card 직후, related 섹션 직전 (.cta-banner 블록)",파킨슨병,신경과 전문의가 직접 처방한 커큐민 + 애플라핀® — 신경 염증 균형을 위한 근거 있는 이중 경로 설계. / NervLock 브랜드의 첫 번째 제품이 곧 출시됩니다.,CTA 배너(.cta-banner) 제거 또는 보류 — 제품명(Nerve Care/Brain Energy) 확정 전까지 재게시 금지 / 질환·증상 교육 본문과 제품 홍보 분리 배치(재도입 시) / 의료 검수자·검토일 필드 보완(신형 템플릿 기준) / hreflang·구조화 데이터는 제품명 이슈 해결 후 별도 진행(D6),1순위 (질환·증상명 직접 연결),Y,N (D1 제품 CTA 존재로 재분류 불가)
파킨슨-이상운동증,ko,파킨슨 약을 먹는데 몸이 저절로 움직여요 — 이상운동증 이야기 | NervLock,https://nervlocklab.com/blog/파킨슨-이상운동증/,blog/파킨슨-이상운동증/index.html,D,Y,Y,Y,Y,Y,Y,Y,NervLock Nerve Care/너브케어,NervLock 너브케어로 신경 건강을 지원하세요 | 신경과 전문의가 직접 설계한 커큐민 + 애플라핀® — 신경 염증 균형을 위한 가장 근거 있는 두 가지 성분. / NervLock 브랜드의 첫 번째 제품이 곧 출시됩니다. | 버튼: 출시 알림 신청하기,"author-card 직후, related 섹션 직전 (.cta-banner 블록)",파킨슨병,신경과 전문의가 직접 설계한 커큐민 + 애플라핀® — 신경 염증 균형을 위한 가장 근거 있는 두 가지 성분. / NervLock 브랜드의 첫 번째 제품이 곧 출시됩니다.,CTA 배너(.cta-banner) 제거 또는 보류 — 제품명(Nerve Care/Brain Energy) 확정 전까지 재게시 금지 / 질환·증상 교육 본문과 제품 홍보 분리 배치(재도입 시) / 의료 검수자·검토일 필드 보완(신형 템플릿 기준) / hreflang·구조화 데이터는 제품명 이슈 해결 후 별도 진행(D6),1순위 (질환·증상명 직접 연결),Y,N (D1 제품 CTA 존재로 재분류 불가)
파킨슨-초기증상,ko,파킨슨병 초기 신호 5가지 — 손이 떨리기 전에 몸이 먼저 말합니다 | NervLock,https://nervlocklab.com/blog/파킨슨-초기증상/,blog/파킨슨-초기증상/index.html,D,Y,Y,Y,Y,Y,Y,Y,NervLock Nerve Care/너브케어,NervLock 너브케어로 신경 건강을 지원하세요 | 신경과 전문의가 직접 처방한 커큐민 + 애플라핀® — 신경 염증 균형을 위한 근거 있는 이중 경로 설계. / NervLock 브랜드의 첫 번째 제품이 곧 출시됩니다. | 버튼: 출시 알림 신청하기,"author-card 직후, related 섹션 직전 (.cta-banner 블록)",파킨슨병,신경과 전문의가 직접 처방한 커큐민 + 애플라핀® — 신경 염증 균형을 위한 근거 있는 이중 경로 설계. / NervLock 브랜드의 첫 번째 제품이 곧 출시됩니다.,CTA 배너(.cta-banner) 제거 또는 보류 — 제품명(Nerve Care/Brain Energy) 확정 전까지 재게시 금지 / 질환·증상 교육 본문과 제품 홍보 분리 배치(재도입 시) / 의료 검수자·검토일 필드 보완(신형 템플릿 기준) / hreflang·구조화 데이터는 제품명 이슈 해결 후 별도 진행(D6),1순위 (질환·증상명 직접 연결),Y,N (D1 제품 CTA 존재로 재분류 불가)
파킨슨-통증,ko,파킨슨 환자의 통증을 나이 탓으로만 돌리지 마세요 | NervLock,https://nervlocklab.com/blog/파킨슨-통증/,blog/파킨슨-통증/index.html,D,Y,Y,Y,Y,Y,Y,Y,NervLock Nerve Care/너브케어,NervLock 너브케어로 신경 건강을 지원하세요 | 신경과 전문의가 직접 처방한 커큐민 + 애플라핀® — 신경 염증 균형을 위한 근거 있는 이중 경로 설계. / NervLock 브랜드의 첫 번째 제품이 곧 출시됩니다. | 버튼: 출시 알림 신청하기,"author-card 직후, related 섹션 직전 (.cta-banner 블록)",파킨슨병; 통증,신경과 전문의가 직접 처방한 커큐민 + 애플라핀® — 신경 염증 균형을 위한 근거 있는 이중 경로 설계. / NervLock 브랜드의 첫 번째 제품이 곧 출시됩니다.,CTA 배너(.cta-banner) 제거 또는 보류 — 제품명(Nerve Care/Brain Energy) 확정 전까지 재게시 금지 / 질환·증상 교육 본문과 제품 홍보 분리 배치(재도입 시) / 의료 검수자·검토일 필드 보완(신형 템플릿 기준) / hreflang·구조화 데이터는 제품명 이슈 해결 후 별도 진행(D6),1순위 (질환·증상명 직접 연결),Y,N (D1 제품 CTA 존재로 재분류 불가)
포스파티딜세린-기억력,ko,"포스파티딜세린(PS), 왜 기억력에 주목받는가 | NervLock",https://nervlocklab.com/blog/포스파티딜세린-기억력/,blog/포스파티딜세린-기억력/index.html,D,Y,Y,Y,Y,Y,Y,Y,Brain Energy,NervLock Brain Energy로 뇌 건강 루틴을 시작하세요 | 신경과 전문의가 설계한 포스파티딜세린(PS) 포함 뇌 건강 영양 루틴. / 식약처 인정 기능성 원료를 중심으로 구성된 NervLock Brain Energy가 곧 출시됩니다. | 버튼: 출시 알림 신청하기,"author-card 직후, related 섹션 직전 (.cta-banner 블록)",기억력 저하,신경과 전문의가 설계한 포스파티딜세린(PS) 포함 뇌 건강 영양 루틴. / 식약처 인정 기능성 원료를 중심으로 구성된 NervLock Brain Energy가 곧 출시됩니다.,CTA 배너(.cta-banner) 제거 또는 보류 — 제품명(Nerve Care/Brain Energy) 확정 전까지 재게시 금지 / 질환·증상 교육 본문과 제품 홍보 분리 배치(재도입 시) / 의료 검수자·검토일 필드 보완(신형 템플릿 기준) / hreflang·구조화 데이터는 제품명 이슈 해결 후 별도 진행(D6),1순위 (질환·증상명 직접 연결),Y,N (D1 제품 CTA 존재로 재분류 불가)
호모시스테인-치매-B비타민,ko,호모시스테인과 뇌 — 치매 위험과 B군 비타민의 관계 | NervLock,https://nervlocklab.com/blog/호모시스테인-치매-B비타민/,blog/호모시스테인-치매-B비타민/index.html,D,Y,Y,Y,Y,Y,Y,Y,Brain Energy,NervLock Brain Energy로 뇌 건강 루틴을 시작하세요 | 비타민 B12·엽산·B6를 포함한 서포트 성분 — 호모시스테인 대사 지원에 필요한 조합. / NervLock 브랜드의 첫 번째 제품이 곧 출시됩니다. | 버튼: 출시 알림 신청하기,"author-card 직후, related 섹션 직전 (.cta-banner 블록)",치매,비타민 B12·엽산·B6를 포함한 서포트 성분 — 호모시스테인 대사 지원에 필요한 조합. / NervLock 브랜드의 첫 번째 제품이 곧 출시됩니다.,CTA 배너(.cta-banner) 제거 또는 보류 — 제품명(Nerve Care/Brain Energy) 확정 전까지 재게시 금지 / 질환·증상 교육 본문과 제품 홍보 분리 배치(재도입 시) / 의료 검수자·검토일 필드 보완(신형 템플릿 기준) / hreflang·구조화 데이터는 제품명 이슈 해결 후 별도 진행(D6),1순위 (질환·증상명 직접 연결),Y,N (D1 제품 CTA 존재로 재분류 불가)
